---
ES:
  address_format: |-
    {{recipient}}
    {{street}}
    {{postalcode}} {{city}}
    {{region}}
    {{country}}
  alpha2: ES
  alpha3: ESP
  continent: Europe
  country_code: '34'
  currency_code: EUR
  distance_unit: KM
  eea_member: true
  eu_member: true
  gec: SP
  geo:
    latitude: 40.46366700000001
    longitude: -3.74922
    max_latitude: 43.8504
    max_longitude: 4.6362
    min_latitude: 27.4985
    min_longitude: -18.2648001
    bounds:
      northeast:
        lat: 43.8504
        lng: 4.6362
      southwest:
        lat: 27.4985
        lng: -18.2648001
  international_prefix: '00'
  ioc: ESP
  iso_long_name: The Kingdom of Spain
  iso_short_name: Spain
  languages_official:
  - es
  languages_spoken:
  - es
  national_destination_code_lengths:
  - 2
  national_number_lengths:
  - 9
  national_prefix: None
  nationality: Spanish
  number: '724'
  postal_code: true
  postal_code_format: "\\d{5}"
  region: Europe
  start_of_week: monday
  subregion: Southern Europe
  un_locode: ES
  unofficial_names:
  - Spain
  - Spanien
  - Espagne
  - España
  - スペイン
  - Spanje
  vat_rates:
    standard: 21
    reduced:
    - 10
    super_reduced: 4
    parking:
  world_region: EMEA
