# Country name translations for locale gl
#
# alpha2: localized_name
#
---
AD: Andorra
AE: Emiratos Árabes Unidos
AF: Afganistán
AG: Antiga e Barbuda
AI: Anguila
AL: Albania
AM: Armenia
AO: Angola
AQ: Antártida
AR: Arxentina
AS: Samoa Americana
AT: Austria
AU: Australia
AW: Aruba
AX: Illas Åland
AZ: Acerbaixán
BA: Bosnia e Hercegovina
BB: Barbados
BD: Bangladesh
BE: Bélxica
BF: Burquina Faso
BG: Bulgaria
BH: Bahrein
BI: Burundi
BJ: Benin
BL: San Bartolomé
BM: Illas Bermudas
BN: Brunei Darussalam
BO: Bolivia
BQ: Bonaire, San Eustaquio e Saba
BR: Brasil
BS: Bahamas
BT: Bután
BV: Illa Bouvet
BW: Botsuana
BY: Bielorrusia
BZ: Belice
CA: Canadá
CC: Illas Cocos (Keeling)
CD: Congo, República Democrática do
CF: República Centroafricana
CG: Congo
CH: Suíza
CI: Costa de Marfín
CK: Illas Cook
CL: Chile
CM: Camerún
CN: China
CO: Colombia
CR: Costa Rica
CU: Cuba
CV: Cabo Verde
CW: Curaçao
CX: Illa Christmas
CY: Chipre
CZ: Chequia
DE: Alemaña
DJ: Xibutí
DK: Dinamarca
DM: Dominica
DO: República Dominicana
DZ: Alxeria
EC: Ecuador
EE: Estonia
EG: Exipto
EH: Sahara Occidental
ER: Eritrea
ES: España
ET: Etiopía
FI: Finlandia
FJ: Fixi
FK: Illas Falkland (Malvinas)
FM: Micronesia, Estados Federados de
FO: Illas Feroe
FR: Francia
GA: Gabón
GB: Reino Unido
GD: Granada
GE: Xeorxia
GF: Güiana Francesa
GG: Guernsey
GH: Ghana
GI: Xibraltar
GL: Grenlandia
GM: Gambia
GN: Guinea
GP: Guadalupe
GQ: Guinea Ecuatorial
GR: Grecia
GS: Xeorxia do Sul e as Illas Sandwich do Sul
GT: Guatemala
GU: Guam
GW: Guinea-Bissau
GY: Güiana
HK: Hong Kong
HM: Illa Heard e Illas McDonald
HN: Honduras
HR: Croacia
HT: Haití
HU: Hungría
ID: Indonesia
IE: Irlanda
IL: Israel
IM: Illa de Man
IN: A India
IO: Territorio Británico do Océano Índico
IQ: Iraq
IR: Irán, República Islámica de
IS: Islandia
IT: Italia
JE: Jersey
JM: Xamaica
JO: Xordania
JP: Xapón
KE: Quenia
KG: Quirgizistán
KH: Camboxa
KI: Quiribati
KM: Comores
KN: San Cristobo e Nevis
KP: Corea, República Democrática Popular de
KR: Corea, República de
KW: Kuvait
KY: Illas Caimán
KZ: Kazakhstán
LA: República Democrática Popular de Lao
LB: Líbano
LC: Santa Lucía
LI: Liechtenstein
LK: Sri Lanka
LR: Liberia
LS: Lesoto
LT: Lituania
LU: Luxemburgo
LV: Letonia
LY: Libia
MA: Marrocos
MC: Mónaco
MD: Moldavia
ME: Montenegro
MF: San Martiño (parte francesa)
MG: Madagascar
MH: Illas Marshall
MK: North Macedonia
ML: Mali
MM: Birmania
MN: Mongolia
MO: Macau
MP: Illas Marianas do Norte
MQ: Martinica
MR: Mauritania
MS: Montserrat
MT: Malta
MU: Mauricio
MV: Maldivas
MW: Malaui
MX: México
MY: Malasia
MZ: Mozambique
NA: Namibia
NC: Nova Caledonia
NE: Níxer
NF: Illa Norfolk
NG: Nixeria
NI: Nicaragua
NL: Países Baixos
'NO': Noruega
NP: Nepal
NR: Nauru
NU: Niue
NZ: Nova Celandia
OM: Omán
PA: Panamá
PE: Perú
PF: Polinesia Francesa
PG: Papúa Nova Guinea
PH: Filipinas
PK: Paquistán
PL: Polonia
PM: San Pedro e Miquelon
PN: Pitcairn
PR: Porto Rico
PS: Palestina, Estado de
PT: Portugal
PW: Palau
PY: Paraguai
QA: Qatar
RE: Reunión
RO: Romanía
RS: Serbia
RU: Federación Rusa
RW: Ruanda
SA: Arabia Saudí
SB: Illas Salomón
SC: Seichelles
SD: Sudán
SE: Suecia
SG: Singapur
SH: Santa Helena, Ascensión e Tristán da Cuña
SI: Eslovenia
SJ: Svalbard e Jan Mayen
SK: Eslovaquia
SL: Serra Leoa
SM: San Marino
SN: Senegal
SO: Somalia
SR: Surinam
SS: Sudán do Sur
ST: San Tomé e Príncipe
SV: O Salvador
SX: San Martiño (parte holandesa)
SY: República Árabe de Siria
SZ: Suacilandia
TC: Illas Turcos e Caicos
TD: Chad
TF: Territorios Franceses do Sul
TG: Togo
TH: Tailandia
TJ: Taxiquistán
TK: Toquelau
TL: Timor Leste
TM: Turkmenistán
TN: Tunicia
TO: Tonga
TR: Turquía
TT: Trindade e Tobago
TV: Tuvalu
TW: Taiwán
TZ: Tanzania, República Unida de
UA: Ucraína
UG: Uganda
UM: Illas Exteriores Menores dos Estados Unidos de América
US: Estados Unidos de América
UY: Uruguai
UZ: Uzbequistán
VA: Santa Sé (Cidade Estado do Vaticano)
VC: San Vicente e as Granadinas
VE: Venezuela
VG: Illas Virxes Británicas
VI: Illas Virxes, EE.UU.
VN: Vietnam
VU: Vanuatu
WF: Wallis e Futuna
WS: Samoa
YE: Iemen
YT: Maiote
ZA: África do Sur
ZM: Zambia
ZW: Zimbabue
