# Country name translations for locale th
#
# alpha2: localized_name
#
---
AD: อันดอร์รา
AE: สหรัฐอาหรับเอมิเรตส์
AF: อัฟกานิสถาน
AG: แอนติกาและบาร์บูดา
AI: แองกวิลลา
AL: แอลเบเนีย
AM: อาร์เมเนีย
AO: แองโกลา
AQ: แอนตาร์กติกา
AR: อาร์เจนตินา
AS: อเมริกันซามัว
AT: ออสเตรีย
AU: ออสเตรเลีย
AW: อารูบา
AX: หมู่เกาะโอลันด์
AZ: อาเซอร์ไบจาน
BA: บอสเนียและเฮอร์เซโกวีนา
BB: บาร์เบโดส
BD: บังกลาเทศ
BE: เบลเยียม
BF: บูร์กินาฟาโซ
BG: บัลแกเรีย
BH: บาห์เรน
BI: บุรุนดี
BJ: เบนิน
BL: แซงบาร์เตเลอมี
BM: เบอร์มิวดา
BN: บรูไนดารุสซาลาม
BO: โบลิเวีย
BQ: บอแนร์, เซนต์ยูสเตเชียส และ เซบา
BR: บราซิล
BS: บาฮามาส
BT: ภูฏาน
BV: เกาะบูเวต์
BW: บอตสวานา
BY: เบลารุส
BZ: เบลีซ
CA: แคนาดา
CC: หมู่เกาะโคโคส (คีลิง)
CD: คองโก, สาธารณรัฐประชาธิปไตย
CF: สาธารณรัฐแอฟริกากลาง
CG: คองโก
CH: สวิตเซอร์แลนด์
CI: โกตดิวัวร์
CK: หมู่เกาะคุก
CL: ชิลี
CM: แคเมอรูน
CN: จีน
CO: โคลอมเบีย
CR: คอสตาริกา
CU: คิวบา
CV: กาบูเวร์ดี
CW: คิวราเซา
CX: เกาะคริสต์มาส
CY: ไซปรัส
CZ: ประเทศเช็กเกีย
DE: เยอรมนี
DJ: จิบูตี
DK: เดนมาร์ก
DM: โดมินิกา
DO: สาธารณรัฐโดมินิกัน
DZ: แอลจีเรีย
EC: เอกวาดอร์
EE: เอสโตเนีย
EG: อียิปต์
EH: เวสเทิร์นสะฮารา
ER: เอริเทรีย
ES: สเปน
ET: เอธิโอเปีย
FI: ฟินแลนด์
FJ: ฟิจิ
FK: หมู่เกาะฟอล์กแลนด์ (มาลบีนาส)
FM: ไมโครนีเซีย
FO: หมู่เกาะแฟโร
FR: ฝรั่งเศส
GA: กาบอง
GB: สหราชอาณาจักร
GD: เกรนาดา
GE: จอร์เจีย
GF: เฟรนช์เกียนา
GG: เกิร์นซีย์
GH: กานา
GI: ยิบรอลตาร์
GL: กรีนแลนด์
GM: แกมเบีย
GN: กินี
GP: กวาเดอลูป
GQ: อิเควทอเรียลกินี
GR: กรีซ
GS: เกาะเซาท์จอร์เจียและหมู่เกาะเซาท์แซนด์วิช
GT: กัวเตมาลา
GU: กวม
GW: กินีบิสเซา
GY: กายอานา
HK: ฮ่องกง
HM: เกาะเฮิร์ดและหมู่เกาะแมกดอนัลด์
HN: ฮอนดูรัส
HR: โครเอเชีย
HT: เฮติ
HU: ฮังการี
ID: อินโดนีเซีย
IE: ไอร์แลนด์
IL: อิสราเอล
IM: เกาะแมน
IN: อินเดีย
IO: บริติชอินเดียนโอเชียนเทร์ริทอรี
IQ: อิรัก
IR: อิหร่าน, สาธารณรัฐอิสลาม
IS: ไอซ์แลนด์
IT: อิตาลี
JE: เจอร์ซีย์
JM: จาเมกา
JO: จอร์แดน
JP: ญี่ปุ่น
KE: เคนยา
KG: คีร์กีซสถาน
KH: กัมพูชา
KI: คิริบาตี
KM: คอโมโรส
KN: เซนต์คิตส์และเนวิส
KP: เกาหลีเหนือ
KR: เกาหลีใต้
KW: คูเวต
KY: หมู่เกาะเคย์แมน
KZ: คาซัคสถาน
LA: สาธารณรัฐประชาธิปไตยประชาชนลาว
LB: เลบานอน
LC: เซนต์ลูเซีย
LI: ลิกเตนสไตน์
LK: ศรีลังกา
LR: ไลบีเรีย
LS: เลโซโท
LT: ลิทัวเนีย
LU: ลักเซมเบิร์ก
LV: ลัตเวีย
LY: ลิเบีย
MA: โมร็อกโก
MC: โมนาโก
MD: มอลโดวา
ME: มอนเตเนโกร
MF: แซงมาร์แตง (ส่วนของฝรั่งเศส)
MG: มาดากัสการ์
MH: หมู่เกาะมาร์แชลล์
MK: มาซิโดเนียเหนือ
ML: มาลี
MM: พม่า
MN: มองโกเลีย
MO: มาเก๊า
MP: หมู่เกาะนอร์เทิร์นมาเรียนา
MQ: มาร์ตินีก
MR: มอริเตเนีย
MS: มอนต์เซอร์รัต
MT: มอลตา
MU: มอริเชียส
MV: มัลดีฟส์
MW: มาลาวี
MX: เม็กซิโก
MY: มาเลเซีย
MZ: โมซัมบิก
NA: นามิเบีย
NC: นิวแคลิโดเนีย
NE: ไนเจอร์
NF: เกาะนอร์ฟอล์ก
NG: ไนจีเรีย
NI: นิการากัว
NL: เนเธอร์แลนด์
'NO': นอร์เวย์
NP: เนปาล
NR: นาอูรู
NU: นีอูเอ
NZ: นิวซีแลนด์
OM: โอมาน
PA: ปานามา
PE: เปรู
PF: เฟรนช์โปลินีเซีย
PG: ปาปัวนิวกินี
PH: ฟิลิปปินส์
PK: ปากีสถาน
PL: โปแลนด์
PM: แซงปีแยร์และมีเกอลง
PN: พิตแคร์น
PR: เปอร์โตริโก
PS: ปาเลสไตน์, รัฐ
PT: โปรตุเกส
PW: ปาเลา
PY: ปารากวัย
QA: กาตาร์
RE: เรอูนียง
RO: โรมาเนีย
RS: เซอร์เบีย
RU: สหพันธรัฐรัสเซีย
RW: รวันดา
SA: ซาอุดีอาระเบีย
SB: หมู่เกาะโซโลมอน
SC: เซเชลส์
SD: ซูดาน
SE: สวีเดน
SG: สิงคโปร์
SH: เซนต์เฮเลนา, แอสเซนชัน และ ทริสแตน ดา คูนญา
SI: สโลวีเนีย
SJ: สฟาลบาร์ และ ยานไมเอน
SK: สโลวะเกีย
SL: เซียร์ราลีโอน
SM: ซานมารีโน
SN: เซเนกัล
SO: โซมาเลีย
SR: ซูรินาเม
SS: ซูดานใต้
ST: เซาตูเมและปรินซิปี
SV: เอลซัลวาดอร์
SX: เซนต์มาร์ติน (ส่วนของดัตช์)
SY: สาธารณรัฐอาหรับซีเรีย
SZ: เอสวาตินี
TC: หมู่เกาะเติกส์และหมู่เกาะเคคอส
TD: ชาด
TF: เฟรนช์เซาเทิร์นเทร์ริทอรีส์
TG: โตโก
TH: ไทย
TJ: ทาจิกิสถาน
TK: โตเกเลา
TL: ติมอร์-เลสเต
TM: เติร์กเมนิสถาน
TN: ตูนิเซีย
TO: ตองกา
TR: ตุรกี
TT: ตรินิแดดและโตเบโก
TV: ตูวาลู
TW: ไต้หวัน
TZ: แทนซาเนีย
UA: ยูเครน
UG: ยูกันดา
UM: เกาะเล็กรอบนอกของสหรัฐอเมริกา
US: สหรัฐ
UY: อุรุกวัย
UZ: อุซเบกิสถาน
VA: นครรัฐวาติกัน
VC: เซนต์วินเซนต์และเกรนาดีนส์
VE: เวเนซุเอลา
VG: หมู่เกาะบริติชเวอร์จิน
VI: หมู่เกาะเวอร์จินของสหรัฐอเมริกา
VN: เวียดนาม
VU: วานูอาตู
WF: หมู่เกาะวาลลิสและหมู่เกาะฟุตูนา
WS: ซามัว
YE: เยเมน
YT: มายอต
ZA: แอฟริกาใต้
ZM: แซมเบีย
ZW: ซิมบับเว
