# Country name translations for locale mi
#
# alpha2: localized_name
#
---
AD: Andorra
AE: United Arab Emirates
AF: Āwhekenetāna
AG: Antigua and Barbuda
AI: Anguilla
AL: Arapeinia
AM: Āmenia
AO: Anakora
AQ: Antarctica
AR: Āketina
AS: Hāmoa Amerikana
AT: Ateria
AU: Ahitereiria
AW: Aruba
AX: Moutere Aaland
AZ: Atepaihānia
BA: Pōngia-Herekōmina
BB: Barbados
BD: Pākaratēhi
BE: Pehiamu
BF: Burkina Faso
BG: Purukāria
BH: Bahrain
BI: Puruniti
BJ: Pēnina
BL: Saint Barthélemy
BM: Bermuda
BN: Brunei Darussalam
BO: Poriwia
BQ: Bonaire, Sint Eustatius and Saba
BR: Parīhi
BS: Bahamas
BT: Bhutan
BV: Bouvet Island
BW: Botswana
BY: Pērara
BZ: Belize
CA: Kānata
CC: Cocos (Keeling) Islands
CD: Congo, The Democratic Republic of the
CF: Central African Republic
CG: Kōngo
CH: Huiterangi
CI: Côte d'Ivoire
CK: Kuki Airani
CL: Hiri
CM: Kamarūna
CN: Haina
CO: Koromōpia
CR: Costa Rica
CU: Kūpā
CV: Cabo Verde
CW: Curaçao
CX: Christmas Island
CY: Haipara
CZ: Czechia
DE: Tiamana
DJ: Tipūti
DK: Tenemāka
DM: Dominica
DO: Dominican Republic
DZ: Algeria
EC: Ekuatoa
EE: Etonia
EG: Egypt
EH: Western Sahara
ER: Eritēria
ES: Pāniora
ET: Etiopia
FI: Hinerangi
FJ: Fiji
FK: Falkland Islands (Malvinas)
FM: Micronesia, Federated States of
FO: Moutere Faroe
FR: Wīwī
GA: Kāpona
GB: Kīngitanga Kotahi
GD: Grenada
GE: Hōria
GF: Kaiana Wīwī
GG: Kōnihi
GH: Kāna
GI: Kāmaka
GL: Greenland
GM: Gambia
GN: Guinea
GP: Guadeloupe
GQ: Kini Ekuatoria
GR: Kirihi
GS: South Georgia and the South Sandwich Islands
GT: Guatemala
GU: Kuamu
GW: Kini Pihō
GY: Kaiana
HK: Hongipua
HM: Heard Island and McDonald Islands
HN: Honduras
HR: Koroātia
HT: Haiti
HU: Hanekari
ID: Initonīhia
IE: Airangi
IL: Iharaira
IM: Motu o Man
IN: Īnia
IO: British Indian Ocean Territory
IQ: Īrāki
IR: Iran, Islamic Republic of
IS: Tiorangi
IT: Itāria
JE: Tōrehe
JM: Jamaica
JO: Jordan
JP: Nipono
KE: Kēnia
KG: Kyrgyzstan
KH: Kamapōtia
KI: Kiripati
KM: Comoros
KN: Saint Kitts and Nevis
KP: North Korea
KR: South Korea
KW: Kuwait
KY: Cayman Islands
KZ: Katatānga
LA: Lao People's Democratic Republic
LB: Lebanon
LC: Hato Ruiha
LI: Rīkeneteina
LK: Hiri Rānaka
LR: Liberia
LS: Lesotho
LT: Rituānia
LU: Rakapuō
LV: Rāwhia
LY: Libya
MA: Moroko
MC: Manako
MD: Morotawa
ME: Montenegro
MF: Saint Martin (French part)
MG: Marakāhia
MH: Marshall Islands
MK: North Macedonia
ML: Māri
MM: Pēma
MN: Mongōria
MO: Macao
MP: Northern Mariana Islands
MQ: Martinique
MR: Mauritānia
MS: Montserrat
MT: Mārata
MU: Maurituhi
MV: Maldives
MW: Marāwi
MX: Mehiko
MY: Marēhia
MZ: Mohapiki
NA: Namīpia
NC: New Caledonia
NE: Niger
NF: Norfolk Island
NG: Nigeria
NI: Nikarāhua
NL: Hōrana
'NO': Nōwei
NP: Nepōra
NR: Nauru
NU: Niue
NZ: Aotearoa
OM: Ōmana
PA: Panama
PE: Perū
PF: Porinīhia Wīwī
PG: Papua Nūkini
PH: Piripīni
PK: Pakitāne
PL: Pōrana
PM: Saint Pierre and Miquelon
PN: Pitcairn
PR: Puerto Rico
PS: Palestine, State of
PT: Potukara
PW: Palau
PY: Parakai
QA: Qatar
RE: Réunion
RO: Romeinia
RS: Serbia
RU: Russian Federation
RW: Rwanda
SA: Hauri Arāpia
SB: Solomon Islands
SC: Seychelles
SD: Hūtāne
SE: Huitene
SG: Hingapoa
SH: Saint Helena, Ascension and Tristan da Cunha
SI: Horowinia
SJ: Motu Svalbard me Jan Mayen
SK: Horowākia
SL: Te Araone
SM: Hato Marino
SN: Senegal
SO: Somalia
SR: Hūriname
SS: Hūtāne-ki-te-tonga
ST: Ao Tomi me Pirinihipi
SV: El Salvador
SX: Sint Maarten (Dutch part)
SY: Syrian Arab Republic
SZ: Eswatini
TC: Turks and Caicos Islands
TD: Chad
TF: French Southern Territories
TG: Toko
TH: Thailand
TJ: Tajikistan
TK: Tokelau
TL: Timor-Leste
TM: Turkmenistan
TN: Tūnihia
TO: Tonga
TR: Tākei
TT: Trinidad and Tobago
TV: Tūwaru
TW: Taiwana
TZ: Tānahia
UA: Ūkareinga
UG: Ukānga
UM: United States Minor Outlying Islands
US: Amerika
UY: Urukuai
UZ: Uhipeketāne
VA: Holy See (Vatican City State)
VC: Saint Vincent and the Grenadines
VE: Wenehūera
VG: Virgin Islands, British
VI: Virgin Islands, U.S.
VN: Whitināmu
VU: Vanuatu
WF: Wallis and Futuna
WS: Samoa
YE: Yemen
YT: Mayotte
ZA: Āwherika-ki-te-tonga
ZM: Zambia
ZW: Zimbabwe
