# Country name translations for locale pt_BR
#
# alpha2: localized_name
#
---
AD: Andorra
AE: Emirados Árabes Unidos
AF: Afeganistão
AG: Antígua e Barbuda
AI: Anguila
AL: Albânia
AM: Armênia
AO: Angola
AQ: Antártida
AR: Argentina
AS: Samoa Americana
AT: Áustria
AU: Austrália
AW: Aruba
AX: Ilhas Åland
AZ: Azerbaijão
BA: Bósnia-Herzegóvina
BB: Barbados
BD: Bangladesh
BE: Bélgica
BF: Burquina
BG: Bulgária
BH: Barein
BI: Burundi
BJ: Benin
BL: São Bartolomeu
BM: Bermuda
BN: Brunei
BO: Bolívia
BQ: Bonaire, Saba e Santo Eustáquio
BR: Brasil
BS: Bahamas
BT: Butão
BV: Ilha Bouvet
BW: Botsuana
BY: Bielo-Rússia
BZ: Belize
CA: Canadá
CC: Ilhas Cocos
CD: República Democrática do Congo
CF: República Centro-Africana
CG: Congo
CH: Suíça
CI: Costa do Marfim
CK: Ilhas Cook
CL: Chile
CM: Camarões
CN: China
CO: Colômbia
CR: Costa Rica
CU: Cuba
CV: Cabo Verde
CW: Curaçao
CX: Ilha Christmas
CY: Chipre
CZ: Chéquia
DE: Alemanha
DJ: Djibuti
DK: Dinamarca
DM: Domínica
DO: República Dominicana
DZ: Argélia
EC: Equador
EE: Estônia
EG: Egito
EH: Saara Ocidental
ER: Eritréia
ES: Espanha
ET: Etiópia
FI: Finlândia
FJ: Fiji
FK: Ilhas Malvinas (Falkland)
FM: Estados Federados da Micronésia
FO: Ilhas Faroe
FR: França
GA: Gabão
GB: Reino Unido
GD: Granada
GE: Geórgia
GF: Guiana Francesa
GG: Guernsey
GH: Gana
GI: Gibraltar
GL: Groenlândia
GM: Gâmbia
GN: Guiné
GP: Guadalupe
GQ: Guiné Equatorial
GR: Grécia
GS: Geórgia do Sul e Ilhas Sandwich do Sul
GT: Guatemala
GU: Guam
GW: Guiné-Bissau
GY: Guiana
HK: Hong Kong
HM: Ilha Heard e Ilhas McDonald
HN: Honduras
HR: Croácia
HT: Haiti
HU: Hungria
ID: Indonésia
IE: Irlanda
IL: Israel
IM: Ilha de Man
IN: Índia
IO: Território Britânico do Oceano Índico
IQ: Iraque
IR: Irã
IS: Islândia
IT: Itália
JE: Jersey
JM: Jamaica
JO: Jordânia
JP: Japão
KE: Quênia
KG: Quirguistão
KH: Camboja
KI: Kiribati
KM: Comores
KN: São Cristóvão e Névis
KP: Coreia do Norte
KR: Coreia do Sul
KW: Kuwait
KY: Ilhas Cayman
KZ: Cazaquistão
LA: República Popular Democrática do Laos
LB: Líbano
LC: Santa Lúcia
LI: Liechtenstein
LK: Sri Lanka
LR: Libéria
LS: Lesoto
LT: Lituânia
LU: Luxemburgo
LV: Letônia
LY: Líbia
MA: Marrocos
MC: Mônaco
MD: Moldávia
ME: Montenegro
MF: São Martim (parte francesa)
MG: Madagascar
MH: Ilhas Marshall
MK: Macedônia do Norte
ML: Mali
MM: Myanmar
MN: Mongólia
MO: Macau
MP: Ilhas Marianas do Norte
MQ: Martinica
MR: Mauritânia
MS: Montserrat
MT: Malta
MU: Maurício
MV: Maldivas
MW: Malaui
MX: México
MY: Malásia
MZ: Moçambique
NA: Namíbia
NC: Nova Caledônia
NE: Níger
NF: Ilha Norfolk
NG: Nigéria
NI: Nicarágua
NL: Países Baixos
'NO': Noruega
NP: Nepal
NR: Nauru
NU: Niue
NZ: Nova Zelândia
OM: Omã
PA: Panamá
PE: Peru
PF: Polinésia Francesa
PG: Papua-Nova Guiné
PH: Filipinas
PK: Paquistão
PL: Polônia
PM: São Pedro e Miquelon
PN: Pitcairn
PR: Porto Rico
PS: Palestina, Estado da
PT: Portugal
PW: Palau
PY: Paraguai
QA: Catar
RE: Reunião
RO: Romênia
RS: Sérvia
RU: Federação Russa
RW: Ruanda
SA: Arábia Saudita
SB: Ilhas Salomão
SC: Seychelles
SD: Sudão
SE: Suécia
SG: Cingapura
SH: Santa Helena, Ascensão e Tristão da Cunha
SI: Eslovênia
SJ: Svalbard e a Ilha de Jan Mayen
SK: Eslováquia
SL: Serra Leoa
SM: São Marino
SN: Senegal
SO: Somália
SR: Suriname
SS: Sudão do Sul
ST: São Tomé e Príncipe
SV: El Salvador
SX: São Martim (parte holandesa)
SY: República Árabe da Síria
SZ: Suazilândia
TC: Ilhas Turks e Caicos
TD: Chade
TF: Territórios Franceses do Sul
TG: Togo
TH: Tailândia
TJ: Tadjiquistão
TK: Toquelau
TL: Timor Leste
TM: Turcomenistão
TN: Tunísia
TO: Tonga
TR: Turquia
TT: Trinidade e Tobago
TV: Tuvalu
TW: Taiwan
TZ: Tanzânia
UA: Ucrânia
UG: Uganda
UM: Ilhas Menores Distantes dos Estados Unidos
US: Estados Unidos
UY: Uruguai
UZ: Uzbequistão
VA: Santa Sé (Cidade-Estado do Vaticano)
VC: São Vicente e Granadinas
VE: Venezuela
VG: Ilhas Virgens Britânicas
VI: Ilhas Virgens dos Estados Unidos
VN: Vietnã
VU: Vanuatu
WF: Wallis e Futuna
WS: Samoa
YE: Iêmen
YT: Maiote
ZA: África do Sul
ZM: Zâmbia
ZW: Zimbábue
