# Country name translations for locale fo
#
# alpha2: localized_name
#
---
AD: Andorra
AE: Sameindu arabisku emiratini
AF: Afganistan
AG: Antigua og Barbuda
AI: Anguilla
AL: Albania
AM: Armenia
AO: Angola
AQ: Antarktis
AR: Argentina
AS: Sámoa
AT: Eysturríki
AU: Avstralia
AW: Aruba
AX: Áland
AZ: Aserbajdsjan
BA: Bosnia-Hersegovina
BB: Barbados
BD: Bangladesj
BE: Belgia
BF: Burkina Faso
BG: Bulgaria
BH: Bahrain
BI: Burundi
BJ: Benin
BL: Saint Barthélemy
BM: Bermuda
BN: Brunei Darussalam
BO: Bolivia
BQ: Bonaire, Sint Eustatius and Saba
BR: Brasilia
BS: Bahamas
BT: Butan
BV: Bouvet Island
BW: Botsvana
BY: Hvítarussland
BZ: Belis
CA: Kanada
CC: Cocos (Keeling) Islands
CD: Congo, The Democratic Republic of the
CF: Miðafrikalýðveldið
CG: Kongo
CH: Sveis
CI: Côte d'Ivoire
CK: Cook Islands
CL: Kili
CM: Kamerun
CN: Kina
CO: Kolombia
CR: Kosta Rika
CU: Kuba
CV: Cabo Verde
CW: Curaçao
CX: Christmas Island
CY: Kýpros
CZ: Czechia
DE: Týskland
DJ: Djibouti
DK: Danmørk
DM: Dominika
DO: Domingo lýðveldið
DZ: Algeria
EC: Ekvador
EE: Estland
EG: Egyptaland
EH: Western Sahara
ER: Eritrea
ES: Spania
ET: Etiopia
FI: Finnland
FJ: Fiji
FK: Falkland Islands (Malvinas)
FM: Micronesia, Federated States of
FO: Føroyar
FR: Frakland
GA: Gabon
GB: United Kingdom
GD: Grenada
GE: Georgia
GF: French Guiana
GG: Guernsey
GH: Ghana
GI: Gibraltar
GL: Greenland
GM: Gambia
GN: Guinea
GP: Guadeloupe
GQ: Ekvator Guinea
GR: Grikkaland
GS: South Georgia and the South Sandwich Islands
GT: Guatemala
GU: Guam
GW: Guinea Bissau
GY: Gujana
HK: Hong Kong
HM: Heard Island and McDonald Islands
HN: Honduras
HR: Kroatia
HT: Haiti
HU: Ungarn
ID: Indonesia
IE: Írland
IL: Ísrael
IM: Isle of Man
IN: India
IO: British Indian Ocean Territory
IQ: Irak
IR: Iran, Islamic Republic of
IS: Ísland
IT: Italia
JE: Jersey
JM: Jameika
JO: Jordan
JP: Japan
KE: Kenja
KG: Kirgisia
KH: Kambodja
KI: Kiribati
KM: Komorooyggjarnar
KN: Saint Kitts og Nevis
KP: North Korea
KR: South Korea
KW: Kuvait
KY: Cayman Islands
KZ: Kasakstan
LA: Lao People's Democratic Republic
LB: Libanon
LC: Saint Lusia
LI: Liktenstein
LK: Sri Lanka
LR: Liberia
LS: Lesoto
LT: Litava
LU: Luksemborg
LV: Lettland
LY: Libya
MA: Marokko
MC: Monako
MD: Moldova
ME: Montenegro
MF: Saint Martin (French part)
MG: Madagaskar
MH: Marshalloyggjarnar
MK: North Macedonia
ML: Mali
MM: Myanmar
MN: Mongolia
MO: Macao
MP: Northern Mariana Islands
MQ: Martinique
MR: Móritania
MS: Montserrat
MT: Malta
MU: Móritius
MV: Maldivuoyggjarnar
MW: Malavi
MX: Meksiko
MY: Maleisia
MZ: Mosambik
NA: Namibia
NC: New Caledonia
NE: Niger
NF: Norfolk Island
NG: Nigeria
NI: Nikaragua
NL: Niðurlond
'NO': Noreg
NP: Nepal
NR: Nauru
NU: Niue
NZ: Ný Sæland
OM: Oman
PA: Panama
PE: Perú
PF: French Polynesia
PG: Papua Nýguinea
PH: Filipsoyggjar
PK: Pakistan
PL: Pólland
PM: Saint Pierre and Miquelon
PN: Pitcairn
PR: Puerto Rico
PS: Palestine, State of
PT: Portugal
PW: Palau
PY: Paraguei
QA: Katar
RE: Réunion
RO: Rumenia
RS: Serbia
RU: Russian Federation
RW: Ruanda
SA: Saudi-Arábia
SB: Sálomonoyggjarnar
SC: Seyskelloyggjarnar
SD: Sudan
SE: Svøríki
SG: Singapor
SH: Saint Helena, Ascension and Tristan da Cunha
SI: Slovenia
SJ: Svalbard and Jan Mayen
SK: Slovakia
SL: Sierra Leone
SM: San Marino
SN: Senegal
SO: Somalia
SR: Surinam
SS: South Sudan
ST: Sao Tome og Prinsipi
SV: El Salvador
SX: Sint Maarten (Dutch part)
SY: Syrian Arab Republic
SZ: Eswatini
TC: Turks and Caicos Islands
TD: Kjad
TF: French Southern Territories
TG: Togo
TH: Thailand
TJ: Tadsjikistan
TK: Tokelau
TL: Timor-Leste
TM: Turkmenistan
TN: Tunesia
TO: Tonga
TR: Turkaland
TT: Trinidad og Tobago
TV: Tuvalu
TW: Teivan
TZ: Tanzania
UA: Ukreina
UG: Uganda
UM: United States Minor Outlying Islands
US: Sambandsríki Amerika
UY: Uruguei
UZ: Usbekistan
VA: Vatikanríki
VC: Saint Vinsent og Grenadinoyggjar
VE: Venesuela
VG: Virgin Islands, British
VI: Virgin Islands, U.S.
VN: Vietnam
VU: Vanuatu
WF: Wallis and Futuna
WS: Sámoa
YE: Jemen
YT: Mayotte
ZA: Suðurafrika
ZM: Sambia
ZW: Simbabvi
