# Country name translations for locale kn
#
# alpha2: localized_name
#
---
AD: ಆಂಡೋರ್ರಾ
AE: ಯುನೈಟೆಡ್ ಅರಬ್ ಎಮಿರೇಟ್ಸ್
AF: ಅಫ್ಗಾನಿಸ್ಥಾನ್
AG: ಆಂಟಿಗ್ವಾ ಮತ್ತು ಬಾರ್ಬುಡಾ
AI: ಅಂಗುಲಿಯಾ
AL: ಅಲ್ಬೇನಿಯಾ
AM: ಆರ್ಮೇನಿಯಾ
AO: ಅಂಗೋಲಾ
AQ: ಅಂಟಾರ್ಟಿಕ
AR: ಅರ್ಜೆಂಟೈನಾ
AS: ಅಮೇರಿಕನ್ ಸಮೋಆ
AT: ಆಸ್ಟ್ರಿಯ
AU: ಆಸ್ಟ್ರೇಲಿಯ
AW: ಅರುಬಾ
AX: ಅಲಾಂಡ್ ದ್ವೀಪಗಳು
AZ: ಅಜರ್ಬೈಜಾನ್
BA: ಭೊಸ್ನಿಯಾ ಮತ್ತು ಹೆರ್ಜೆಗೋವಿನಾ
BB: ಬಾರ್ಬಡಾಸ್
BD: ಬಾಂಗ್ಲಾದೇಶ
BE: ಬೆಲ್ಜಿಯಂ
BF: ಬರ್ಕಿನಾ ಫಾಸೋ
BG: ಬಲ್ಗೇರಿಯಾ
BH: ಬಹರೈನ್
BI: ಬುರುಂಡಿ
BJ: ಬೆನಿನ್
BL: Saint Barthélemy
BM: ಬರ್ಮುಡಾ
BN: ಬ್ರೂನೈ ದಾರುಸ್ಸಲಾಂ
BO: ಬೊಲಿವಿಯಾ
BQ: Bonaire, Sint Eustatius and Saba
BR: ಬ್ರಾಝಿಲ್
BS: ಬಹಾಮಾಸ್
BT: ಭೂತಾನ್
BV: ಬವೇಟ್ ದ್ವೀಪ
BW: ಬೋಟ್ಸ್‍ವಾನಾ
BY: ಬೇಲಾರುಸ್
BZ: ಬೆಲಿಜಿ
CA: ಕೆನಡ
CC: ಕೋಕೋಸ್(ಕೀಲಿಂಗ್)ದ್ವೀಪಗಳು
CD: ಕಾಂಗೋ ಪ್ರಜಾಸತ್ತಾತ್ಮಕ ಗಣರಾಜ್ಯ
CF: ಮಧ್ಯ ಆಫ್ರಿಕನ್ ಗಣರಾಜ್ಯ
CG: ಕಾಂಗೋ
CH: ಸ್ವಿಜರ್ಲ್ಯಾಂಡ್
CI: Côte d'Ivoire
CK: ಕುಕ್ ದ್ವೀಪಗಳು
CL: ಚಿಲಿ
CM: ಕ್ಯಾಮರೂನ್
CN: ಚೈನಾ
CO: ಕೋಲಂಬಿಯಾ
CR: ಕೋಸ್ಟಾರಿಕಾ
CU: ಕ್ಯೂಬಾ
CV: Cabo Verde
CW: Curaçao
CX: ಕ್ರಿಸ್ಮಸ್ ದ್ವೀಪ
CY: ಸೈಪ್ರಸ್
CZ: Czechia
DE: ಜರ್ಮನಿ
DJ: ಡ್ಜಿಬೌಟಿ
DK: ಡೆನ್ಮಾರ್ಕ್
DM: ಡೊಮಿನಿಕಾ
DO: ಡೊಮಿನಿಕನ್ ರಿಪಬ್ಲಿಕ್
DZ: ಅಲ್ಜೀರಿಯ
EC: ಈಕ್ವೆಡಾರ್
EE: ಎಸ್ತೋನಿಯಾ
EG: ಈಜಿಪ್ಟ್
EH: ಪಶ್ಚಿಮ ಸಹಾರಾ
ER: ಎರಿಟ್ರಿಯಾ
ES: ಸ್ಪೇನ್
ET: ಎಥಿಯೋಪಿಯಾ
FI: ಫಿನ್ಲಂಡ್
FJ: ಫಿಜಿ
FK: ಫಾಕ್‍ಲ್ಯಾಂಡ್ ದ್ವೀಪಗಳು(ಮಾಲ್ವಿನಾಸ್)
FM: Micronesia, Federated States of
FO: ಪರೋ ದ್ವೀಪಗಳು
FR: ಫ್ರಾನ್ಸ್
GA: ಗ್ಯಾಬನ್
GB: ಯುನೈಟೆಡ್ ಕಿಂಗ್ಡಮ್
GD: ಗ್ರೆನಡಾ
GE: ಜಾರ್ಜಿಯಾ
GF: ಫ್ರೆಂಚ್ ಗಯಾನಾ
GG: Guernsey
GH: ಘಾನಾ
GI: ಜಿಬ್ರಾಲ್ಟರ್
GL: ಗ್ರೀನ್‍ಲ್ಯಾಂಡ್
GM: ಗ್ಯಾಂಬಿಯಾ
GN: ಗಿನೀ
GP: Guadeloupe
GQ: ಈಕ್ವಟೋರಿಯಲ್ ಗಿನೀ
GR: ಗ್ರೀಸ್
GS: ದಕ್ಷಿಣ ಜಾರ್ಜಿಯಾ ಮತ್ತು ದಕ್ಷಿಣ ಸ್ಯಾಂಡ್ವಿಚ್ ದ್ವೀಪಗಳು
GT: ಗ್ವಾಟೆಮಾಲಾ
GU: ಗ್ವಾಮ್
GW: ಗಿನೀ-ಬಿಸ್ಸೋ
GY: ಗಯಾನಾ
HK: ಹಾಂಗ್ ಕಾಂಗ್
HM: ಹರ್ಡ್ ದ್ವೀಪ ಮತ್ತು ಮೆಕ್ ಡೊನಾಲ್ಡ್ ದ್ವೀಪಗಳು
HN: ಹೊಂಡುರಾಸ್
HR: ಕ್ರೊಏಶಿಯಾ
HT: ಹೈಟಿ
HU: ಹಂಗರಿ
ID: ಇಂಡೋನೇಶಿಯಾ
IE: ಐರ್ಲ್ಯಂಡ್
IL: ಇಸ್ರೇಲ್
IM: Isle of Man
IN: ಭಾರತ
IO: ಬ್ರಿಟಿಷ್ ಇಂಡಿಯನ್ ಓಶಿಯನ್ ಪ್ರದೇಶ
IQ: ಇರಾಕ್
IR: ಇರಾನ್ ಇಸ್ಲಾಮಿಕ್ ಗಣರಾಜ್ಯ
IS: ಐಸ್‍ಲ್ಯಾಂಡ್
IT: ಇಟಲಿ
JE: ಜರ್ಸಿ
JM: ಜಮೈಕ
JO: ಜೋರ್ಡಾನ್
JP: ಜಪಾನ್
KE: ಕೀನ್ಯಾ
KG: ಕಿರ್ಗಿಝ್‍ಸ್ತಾನ್
KH: ಕಾಂಬೋಡಿಯಾ
KI: ಕಿರಿಬಾಟಿ
KM: ಕೊಮೊರೋಸ್
KN: ಸೇಂಟ್ ಕಿಟ್ಸ್ ಮತ್ತು ನೇವಿಸ್
KP: ಕೋರಿಯಾ, ಡೆಮೊಕ್ರಟಿಕ್ ಪೀಪಲ್ಸ್ ರಿಪಬ್ಲಿಕ್
KR: ಕೋರಿಯಾ ಗಣರಾಜ್ಯ
KW: ಕುವೈತ್
KY: ಕೇಮನ್ ದ್ವೀಪಗಳು
KZ: ಕಝಕಸ್ತಾನ್
LA: ಲಾವೋ ಪೀಪಲ್ಸ್ ಡೆಮೊಕ್ರಟಿಕ್ ರಿಪಬ್ಲಿಕ್
LB: ಲೆಬನನ್
LC: ಸೇಂಟ್ ಲೂಸಿಯಾ
LI: ಲೆಷ್ಟೆಂಸ್ಟೆನ್
LK: ಶ್ರೀಲಂಕಾ
LR: ಲೈಬೀರಿಯಾ
LS: ಲೆಸೋಥೋ
LT: ಲಿಥುವೇನಿಯಾ
LU: ಲುಗ್ಸೆಮ್ಬರ್ಗ್
LV: ಲಾತ್ವಿಯಾ
LY: Libya
MA: ಮೊರೊಕ್ಕೊ
MC: ಮೊನಾಕೋ
MD: Moldova
ME: ಮಾಂಟೆನೆಗ್ರೋ
MF: Saint Martin (French part)
MG: ಮಡಗಾಸ್ಕರ್
MH: ಮಾರ್ಷಲ್ ದ್ವೀಪಗಳು
MK: North Macedonia
ML: ಮಾಲಿ
MM: ಮಿಯನ್ಮಾರ್
MN: ಮಂಗೋಲಿಯಾ
MO: ಮಕಾವು
MP: ಉತ್ತರ ಮಾರಿಯಾನಾ ದ್ವೀಪಗಳು
MQ: Martinique
MR: ಮಾರಿಟೇನಿಯಾ
MS: ಮಾಂಟ್ಸೆರ್ರಾಟ್
MT: ಮಾಲ್ಟಾ
MU: ಮಾರಿಶಸ್
MV: ಮಾಲ್ಡೀವ್ಸ್
MW: ಮಲಾವಿ
MX: ಹೊಂಡುರಾಸ್
MY: ಮಲೇಸಿಯಾ
MZ: ಮೋಝಾಂಬಿಕ್
NA: ನಮೀಬಿಯಾ
NC: ಹೊಸ ಕೆಲೆಡೊನಿಯಾ
NE: ನೈಜರ್
NF: ನಾರ್ಫೋಕ್ ದ್ವೀಪ
NG: ನೈಜೀರಿಯಾ
NI: ನಿಕರಾಗುವಾ
NL: ನೆದರ್‌ಲ್ಯಾಂಡ್ಸ್
'NO': ನಾರ್ವೇ
NP: ನೇಪಾಳ
NR: Nauru
NU: Niue
NZ: ನ್ಯೂ ಜಿಲ್ಯಂಡ್
OM: ಒಮನ್
PA: ಪನಾಮಾ
PE: ಪೆರು
PF: ಫ್ರೆಂಚ್ ಪೊಲಿನೇಸಿಯಾ
PG: ಪಪುವಾ ನ್ಯೂ ಗಿನಿ
PH: ಫಿಲಿಪ್ಪೈನ್ಸ್
PK: ಪಾಕಿಸ್ತಾನ್
PL: ಪೋಲಂಡ್
PM: Saint Pierre and Miquelon
PN: Pitcairn
PR: ಪೋರ್ಟೋರಿಕಾ
PS: Palestine, State of
PT: ಪೋರ್ತುಗಾಲ್
PW: ಪಲಾಉ
PY: ಪರಾಗ್ವೇ
QA: ಕತಾರ್
RE: Réunion
RO: ರೊಮೇನಿಯಾ
RS: ಸರ್ಬಿಯಾ
RU: ರಶಿಯನ್ ಒಕ್ಕೂಟ
RW: ರುವಾಂಡಾ
SA: ಸೌದಿ ಅರೆಬಿಯ
SB: ಸೋಲೋಮನ್ ದ್ವೀಪಗಳು
SC: ಸೇಷಲ್ಸ್
SD: ಸೂಡಾನ್
SE: ಸ್ವೀಡನ್
SG: ಸಿಂಗಾಪುರ್
SH: Saint Helena, Ascension and Tristan da Cunha
SI: ಸ್ಲೋವೇನಿಯಾ
SJ: Svalbard and Jan Mayen
SK: ಸ್ಲೋವಾಕಿಯಾ
SL: Sierra Leone
SM: ಸ್ಯಾನ್ ಮಾರಿನೋ
SN: ಸೆನೆಗಾಲ್
SO: ಸೋಮಾಲಿಯಾ
SR: ಸೂರಿನಾಮ್
SS: South Sudan
ST: Sao Tome and Principe
SV: ಎಲ್ ಸಾಲ್ವಡಾರ್‍
SX: Sint Maarten (Dutch part)
SY: ಸಿರಿಯನ್ ಅರಬ್ ಗಣರಾಜ್ಯ
SZ: Eswatini
TC: Turks and Caicos Islands
TD: ಛಾಡ್
TF: ಫ್ರೆಂಚ್ ಸದರ್ನ್ ಟೆರಿಟರೀಸ್
TG: ಟೋಗೋ
TH: ಥಾಯ್‍ಲ್ಯಾಂಡ್
TJ: ತಾಜಿಕಿಸ್ತಾನ್
TK: Tokelau
TL: Timor-Leste
TM: ತುರ್ಕ್ಮೆನ್‍ಸ್ತಾನ್
TN: ತುನಿಸಿಯ
TO: ಟೋಂಗಾ
TR: ಟರ್ಕಿ
TT: ಟ್ರಿನಿಡಾಡ್ ಮತ್ತು ಟೊಬಾಗೋ
TV: Tuvalu
TW: ಟೈವಾನ್
TZ: Tanzania
UA: ಯುಕ್ರೇನ್
UG: ಉಗಾಂಡಾ
UM: United States Minor Outlying Islands
US: ಸಂಯುಕ್ತ ಸಂಸ್ಥಾನಗಳು
UY: ಉರುಗ್ವೇ
UZ: ಉಜ್ಬೆಕಿಸ್ತಾನ್
VA: Holy See (Vatican City State)
VC: Saint Vincent and the Grenadines
VE: ವೆನೇಹಜುವೇಲಾ
VG: ವರ್ಜಿನ್ ಐಲಂಡ್ಸ್, ಬ್ರಿಟಿಷ್
VI: ವರ್ಜಿನ್ ಐಲಂಡ್ಸ್,ಯೂಎಸ್
VN: ವಿಯೆಟ್ನಾಂ
VU: Vanuatu
WF: Wallis and Futuna
WS: ಸಮೋಆ
YE: ಯೆಮೆನ್
YT: Mayotte
ZA: ದಕ್ಷಿಣ ಆಫ್ರಿಕಾ
ZM: ಝಾಂಬಿಯಾ
ZW: ಝಿಂಬಾಬ್ವೆ
