# Country name translations for locale pi
#
# alpha2: localized_name
#
---
AD: अंडोरा
AE: United Arab Emirates
AF: अफगानस्थान
AG: Antigua and Barbuda
AI: Anguilla
AL: अल्बानिया
AM: आर्मीनिया
AO: अंगोला
AQ: Antarctica
AR: अर्जन्टीना
AS: American Samoa
AT: आस्ट्रिया
AU: आस्ट्रेलिया
AW: Aruba
AX: Åland Islands
AZ: अजर्बैजान
BA: बास्निया
BB: बार्बाडोस
BD: बंगलादेश
BE: बेल्जियम
BF: बुर्कीना-फासो
BG: बुल्गारिया
BH: बहरैन
BI: बुरुंडी
BJ: बेनिन
BL: Saint Barthélemy
BM: Bermuda
BN: Brunei Darussalam
BO: बोलिविया
BQ: Bonaire, Sint Eustatius and Saba
BR: ब्रासील
BS: Bahamas
BT: भूटान
BV: Bouvet Island
BW: बोत्सवाना
BY: बेलारूस
BZ: बेलीज
CA: केनडा
CC: Cocos (Keeling) Islands
CD: Congo, The Democratic Republic of the
CF: केन्द्रीय अफ्रीका गणराज्य
CG: Congo
CH: स्विटजरलैंड
CI: Côte d'Ivoire
CK: Cook Islands
CL: चिले
CM: केमेरून
CN: China
CO: कोलोम्बिया
CR: कोस्टा रीका
CU: क्यूबा
CV: Cabo Verde
CW: Curaçao
CX: Christmas Island
CY: सायप्रस
CZ: Czechia
DE: जर्मनी
DJ: जिबूटी
DK: डेनमार्क
DM: डोमोनिका
DO: डोमोनिकन रिपब्लिक
DZ: अल्जीरिया
EC: एक्वाडोर
EE: Estonia
EG: ईजिप्ट
EH: Western Sahara
ER: एरिट्रिया
ES: स्पेन
ET: ईथ्योपिया
FI: फिन्लैंड
FJ: फिजी
FK: Falkland Islands (Malvinas)
FM: Micronesia, Federated States of
FO: Faroe Islands
FR: फ्रांस
GA: गाबोन
GB: United Kingdom
GD: ग्रेनाडा
GE: जार्जिया-देश
GF: French Guiana
GG: Guernsey
GH: घाना
GI: Gibraltar
GL: Greenland
GM: Gambia
GN: गिनी
GP: Guadeloupe
GQ: Equatorial Guinea
GR: ग्रीस (यूनान)
GS: South Georgia and the South Sandwich Islands
GT: ग्वाटेमाला
GU: Guam
GW: गिनी-बिसो
GY: गयाना
HK: Hong Kong
HM: Heard Island and McDonald Islands
HN: हांडूरस
HR: क्रोएशिया
HT: हेटी
HU: हंगरी
ID: इन्दोनेशिया
IE: Ireland
IL: इस्रैल
IM: Isle of Man
IN: भारत
IO: British Indian Ocean Territory
IQ: ईराक
IR: Iran, Islamic Republic of
IS: आइसलैंड
IT: इटली
JE: Jersey
JM: जमैका
JO: जार्डन
JP: जापान
KE: केन्या
KG: किरगिस्थान
KH: कम्बोदिया
KI: किरिबाटी
KM: कोमोरोस
KN: सेंट किट्
KP: North Korea
KR: South Korea
KW: कुवैत
KY: Cayman Islands
KZ: कजाकस्थान
LA: Lao People's Democratic Republic
LB: लेबनान
LC: सेंट लूसिया
LI: लिक्टनस्टैन
LK: श्रीलङ्का
LR: लायबीरिया
LS: लेसोथो
LT: लिथ्वानिया
LU: लक्सम्बर्ग
LV: लाट्विया
LY: लिबिया
MA: मोराको
MC: मोनाको
MD: मोल्दोवा
ME: Montenegro
MF: Saint Martin (French part)
MG: मडगास्कर
MH: Marshall Islands
MK: North Macedonia
ML: माली
MM: मयन्मार
MN: मंगोलिया
MO: Macao
MP: Northern Mariana Islands
MQ: Martinique
MR: मारिटेनिया
MS: Montserrat
MT: माल्टा
MU: मारिशस
MV: मालदीव
MW: मलावी
MX: मेक्सिको
MY: मलयेशिया
MZ: मोजम्बीक
NA: नमीबिया
NC: New Caledonia
NE: नीजे
NF: Norfolk Island
NG: नैजीरिया
NI: निकारगुवा
NL: नेदरलैंड्स
'NO': नार्वे
NP: नेपाल
NR: नौरु
NU: Niue
NZ: न्यू-जीलैंड
OM: ओमान
PA: पानामा
PE: पेरु
PF: French Polynesia
PG: पपुवा न्यू गिनी
PH: फिलिपीन्स
PK: पाकिस्तान
PL: पोलैंड
PM: Saint Pierre and Miquelon
PN: Pitcairn
PR: Puerto Rico
PS: Palestine, State of
PT: पुर्तगाल
PW: Palau
PY: पेरेग्वाय
QA: कतार
RE: Réunion
RO: रोमानिया
RS: सर्बिया
RU: Russian Federation
RW: रवाण्डा
SA: सऊदी अरब
SB: सोलोमन-द्वीप
SC: सेशेल
SD: सूडान
SE: स्वीडन
SG: सिंगापोर
SH: Saint Helena, Ascension and Tristan da Cunha
SI: स्लोवीनिया
SJ: Svalbard and Jan Mayen
SK: स्लोवाकिया
SL: सियारा-लियोन
SM: सान मरीनो
SN: सेनेगल
SO: सोमालिया
SR: सुरिनाम
SS: South Sudan
ST: Sao Tome and Principe
SV: एल-साल्वाडोर
SX: Sint Maarten (Dutch part)
SY: Syrian Arab Republic
SZ: Eswatini
TC: Turks and Caicos Islands
TD: चाड
TF: French Southern Territories
TG: टोगो
TH: थाइलैंड
TJ: ताजिकिस्थान
TK: Tokelau
TL: Timor-Leste
TM: तुर्कमिनिस्थान
TN: टुनिशिया
TO: टोंगा
TR: तुर्किये
TT: Trinidad and Tobago
TV: टुवालु
TW: तैवान
TZ: टंजानिया
UA: Ukraine
UG: Uganda
UM: United States Minor Outlying Islands
US: United States
UY: उरुग्वाय
UZ: उजबेकिस्थान
VA: Holy See (Vatican City State)
VC: Saint Vincent and the Grenadines
VE: वेनेज्वेला
VG: Virgin Islands, British
VI: Virgin Islands, U.S.
VN: वियेतनाम
VU: वनुवाटु
WF: Wallis and Futuna
WS: समोआ
YE: यमन
YT: Mayotte
ZA: दक्षिण-अफ्रीका
ZM: जाम्बिया
ZW: जिम्बाबवे
