# Country name translations for locale ff
#
# alpha2: localized_name
#
---
AD: Anndoora
AE: United Arab Emirates
AF: Afghanistan
AG: Antigua and Barbuda
AI: Anguilla
AL: Albaniya
AM: Armaaniya
AO: Anngolaa
AQ: Antarctica
AR: Argentina
AS: American Samoa
AT: Otiris
AU: Australia
AW: Aruba
AX: Åland Islands
AZ: Aserbayjan
BA: Bosniya
BB: Barbados
BD: Bangladesh
BE: Beljik
BF: Burkina Faso
BG: Bulgariya
BH: Bahrain
BI: Burunndi
BJ: Benen
BL: Saint Barthélemy
BM: Bermuda
BN: Brunei Darussalam
BO: Bolivia
BQ: Bonaire, Sint Eustatius and Saba
BR: Barazil
BS: Bahamas
BT: Bhutan
BV: Bouvet Island
BW: Botswana
BY: Belaruusiya
BZ: Belize
CA: Canada
CC: Cocos (Keeling) Islands
CD: Congo, The Democratic Republic of the
CF: Central African Republic
CG: Congo
CH: Suwis
CI: Côte d'Ivoire
CK: Cook Islands
CL: Ciile
CM: Kamerun
CN: China
CO: Colombia
CR: Costa Rica
CU: Cuba
CV: Cabo Verde
CW: Curaçao
CX: Christmas Island
CY: Kibris
CZ: Czechia
DE: Almaanya
DJ: Djibouti
DK: Danemark
DM: Dominica
DO: Dominican Republic
DZ: Aljeri
EC: Ecuador
EE: Estonia
EG: Egypt
EH: Western Sahara
ER: Eritereya
ES: Hispaanya
ET: Ethiopia
FI: Finland
FJ: Fiiji
FK: Falkland Islands (Malvinas)
FM: Micronesia, Federated States of
FO: Faroe Islands
FR: Faransi
GA: Gabon
GB: Biritaani-Mawndi
GD: Grenada
GE: Jorjiya
GF: French Guiana
GG: Guernsey
GH: Gana
GI: Gibraltar
GL: Greenland
GM: Gambia
GN: Gine
GP: Guadeloupe
GQ: Gine Ekwatoriyal
GR: Yunan
GS: South Georgia and the South Sandwich Islands
GT: Guatemala
GU: Guam
GW: Gine-Bisaawo
GY: Guyana
HK: Hong Kong
HM: Heard Island and McDonald Islands
HN: Honduras
HR: Korowaasiya
HT: Haiti
HU: Hunngariya
ID: Indonesia
IE: Irlannda
IL: Israel
IM: Isle of Man
IN: India
IO: British Indian Ocean Territory
IQ: Iraq
IR: Iran, Islamic Republic of
IS: Islannda
IT: Italiya
JE: Jersey
JM: Jamaica
JO: Jordan
JP: Japan
KE: Kenya
KG: Kyrgyzstan
KH: Kammbooja
KI: Kiribati
KM: Comoros
KN: Saint Kitts and Nevis
KP: North Korea
KR: South Korea
KW: Kuwait
KY: Cayman Islands
KZ: Kazakhstan
LA: Lao People's Democratic Republic
LB: Lebanon
LC: Saint Lucia
LI: Liechtenstein
LK: Sri Lanka
LR: Labiriyaa
LS: Lesotho
LT: Lituwaniya
LU: Luksammbuur
LV: Latvia
LY: Libya
MA: Morocco
MC: Monako
MD: Moldowa
ME: Montenegro
MF: Saint Martin (French part)
MG: Madagascar
MH: Marshall Islands
MK: North Macedonia
ML: Maali
MM: Myanmar
MN: Mongolia
MO: Macao
MP: Northern Mariana Islands
MQ: Martinique
MR: Muritani
MS: Montserrat
MT: Malta
MU: Mauritius
MV: Maldives
MW: Malawi
MX: Mexico
MY: Malaysia
MZ: Mozammbik
NA: Namibiya
NC: New Caledonia
NE: Niiser
NF: Norfolk Island
NG: Niiseriya
NI: Nicaragua
NL: Holannda
'NO': Norwees
NP: Nepal
NR: Nawru
NU: Niue
NZ: New Zealand
OM: Oman
PA: Panama
PE: Peru
PF: French Polynesia
PG: Papua New Guinea
PH: Philippines
PK: Pakistan
PL: Poloonya
PM: Saint Pierre and Miquelon
PN: Pitcairn
PR: Puerto Rico
PS: Palestine, State of
PT: Portokeesi
PW: Palau
PY: Paraguay
QA: Qatar
RE: Réunion
RO: Romaniya
RS: Serbiya
RU: Russian Federation
RW: Rwanda
SA: Saudi Arabia
SB: Solomon Islands
SC: Seychelles
SD: Sudan
SE: Suwed
SG: Sinngapuur
SH: Saint Helena, Ascension and Tristan da Cunha
SI: Suloweniya
SJ: Svalbard and Jan Mayen
SK: Sulowakiya
SL: Sarliyon
SM: San Marino
SN: Senegaal
SO: Somaaliya
SR: Suriname
SS: South Sudan
ST: Sao Tome and Principe
SV: El Salvador
SX: Sint Maarten (Dutch part)
SY: Syrian Arab Republic
SZ: Eswatini
TC: Turks and Caicos Islands
TD: Chad
TF: French Southern Territories
TG: Togo
TH: Tailannde
TJ: Tajikistan
TK: Tokelau
TL: Timor-Leste
TM: Turkmenistan
TN: Tunisia
TO: Tonga
TR: Türkiye
TT: Trinidad and Tobago
TV: Tuvalu
TW: Taiwan
TZ: Tanzania
UA: Ukrayiina
UG: Uganda
UM: United States Minor Outlying Islands
US: United States
UY: Uruguay
UZ: Uzbekistan
VA: Holy See (Vatican City State)
VC: Saint Vincent and the Grenadines
VE: Venezuela
VG: Virgin Islands, British
VI: Virgin Islands, U.S.
VN: Vietnam
VU: Vanuatu
WF: Wallis and Futuna
WS: Samoa
YE: Yemen
YT: Mayotte
ZA: South Africa
ZM: Zambia
ZW: Zimbabwe
