# Country name translations for locale as
#
# alpha2: localized_name
#
---
AD: এণ্ডোৰা
AE: ইউনাইটেড আৰৱ ইমিৰেটছ
AF: আফগানিস্থান
AG: এন্টিগুৱা আৰু বাৰবুডা
AI: এংগুইলা
AL: আলবেনিয়া
AM: আৰ্মেনিয়া
AO: এংগোলা
AQ: আনটাৰ্কটিকা
AR: আৰ্জেনটিনা
AS: আমেৰিকান ছামোআ
AT: অস্ট্ৰিয়া
AU: অস্ট্ৰেলিয়া
AW: আৰুবা
AX: আলান্ড দ্বীপপুঞ্জ
AZ: আজেৰ্বেইজান
BA: বোছনীযা আৰু হাৰজেগোইনা
BB: বাৰ্বাডোছ
BD: বাংলাদেশ
BE: বেলজিয়াম
BF: বুৰ্কিনা ফাসো
BG: বুলগাৰিয়া
BH: বাহৰেইন
BI: বুৰুন্ডি
BJ: বেনিন
BL: চেন্ট বাৰ্থেলেমি
BM: বাৰ্মুডা
BN: ব্ইচ্‌লামিকুনেই ডাৰুছালাম
BO: বলীভিয়া
BQ: Bonaire, Sint Eustatius and Saba
BR: ব্ৰাজিল
BS: বাহামাছ
BT: ভুটান
BV: বোভেট দ্বীপ
BW: বটছোৱানা
BY: বেলাৰছ
BZ: বেলিজ
CA: কানাডা
CC: কোকোচ (কিলিং) দ্বীপ
CD: কঙ্গো, গণতান্ত্ৰিক প্ৰজাতন্ত্ৰ
CF: মধ্য আফ্ৰিকান প্ৰজাতন্ত্ৰ
CG: কঙ্গো
CH: ছুইজাৰলেণ্ড
CI: আইভৰি কোস্ট
CK: কুক দ্বীপপুঞ্জ
CL: চিলি
CM: কেমেৰুণ
CN: চীন
CO: কোলোম্বিয়া
CR: কোস্টা ৰিকা
CU: কিউবা
CV: Cabo Verde
CW: Curaçao
CX: ক্ৰিস্টমাছ দ্বীপপুঞ্জ
CY: ছাইপ্ৰাছ
CZ: Czechia
DE: জাইচ্‌লামিক্মানী
DJ: জিবুতি
DK: ডেনমাৰ্ক
DM: ডোমিনিকা
DO: ডোমিনিকান প্ৰজান্ত্ৰ্ৰ
DZ: আলজেৰিযা
EC: ইকোৱেড'ৰ
EE: এস্তোনিয়া
EG: মিশ্ৰ
EH: পশ্চিম ছাহাৰা
ER: এৰিট্ৰিয়া
ES: স্পেইন
ET: ইথিওপিয়া
FI: ফিনলেণ্ড
FJ: ফিজি
FK: ফাকলেণ্ড দ্বীপ (মাল্‌ভিনাছ)
FM: মাইক্ৰোনেছিয়া যুক্তৰাষ্ট্ৰ
FO: ফাৰো দ্বীপপুঞ্জ
FR: ফ্ইচ্‌লামিকান্স
GA: গেবন
GB: যুক্তৰাজ্য
GD: গ্ৰেনাডা
GE: জৰ্জিয়া
GF: ফ্ৰেঞ্চ গায়ানা
GG: গুয়েৰ্ন্সে
GH: ঘানা
GI: জিব্ৰাল্টাৰ
GL: গ্ৰীনলেণ্ড
GM: গাম্বিয়া
GN: গিনি
GP: গুৱাডেলোপ
GQ: বিষুবীয় গিনি
GR: গ্ইচ্‌লামিকীচ
GS: দক্ষিণ জৰ্জিয়া আৰু দক্ষিণ চেন্ডউইচ দ্বীপপুঞ্জ
GT: গুৱাটেমালা
GU: গুৱাম
GW: গিনি-বিছাউ
GY: গায়ানা
HK: হংকং
HM: হাৰ্ড দ্বীপ আৰু মেকডোনাল্ড দ্বীপপুঞ্জ
HN: হণ্ডুৰাছ
HR: ক্ৰোয়েছিয়া
HT: হাইতি
HU: হাংগেৰী
ID: ইণ্ডোনেছিয়া
IE: আয়াৰ্লেণ্ড
IL: ইজ্ৰাইল
IM: আইল অফ মেন
IN: ভাৰত
IO: ব্ৰিটিশ্ব ভাৰতীয় মহাসাগৰীয় অঞ্চল
IQ: ইৰাক
IR: ইৰান, ইচ্‌লামিক প্ৰজাতন্ত্ৰ
IS: আইচলেণ্ড
IT: ইটালি
JE: জাৰ্চী
JM: জামাইকা
JO: জৰ্ডান
JP: জাপান
KE: কেনিয়া
KG: কিৰ্গিজস্তান
KH: কম্বোডিয়া
KI: কিৰিবাটি
KM: কমোৰছ
KN: চেন্ট কিট্‌স আৰু নেভিচ
KP: কোৰিয়া, গণতান্ত্ৰিক গণপ্ৰজাতন্ত্ৰী
KR: কোৰিয়া প্ৰজাতন্ত্ৰ
KW: কুৱেইট
KY: কেমেন দ্বীপ
KZ: কাজাখিস্তান
LA: গণপ্ৰজাতন্ত্ৰী লাও
LB: লেবানন
LC: চেন্ট লুচিয়া
LI: লাইচেষ্টেইন
LK: শ্ৰীলঙ্কা
LR: লাইবেৰিয়া
LS: লেছোথো
LT: লিথুৱানিয়া
LU: লাক্সেমবুৰ্গ
LV: লাটভিয়া
LY: লিবিয়া
MA: মৰোক্কো
MC: মোনাকো
MD: মোলডোভা
ME: মন্টেনেগ্ৰো
MF: চেন্ট মাৰ্টিন (ফ্ৰেঞ্চ অংশ)
MG: মাডাগাস্কাৰ
MH: মাৰ্শ্বেল দ্বীপপুঞ্জ
MK: North Macedonia
ML: মালি
MM: মায়ান্মাৰ
MN: মঙ্গোলিয়া
MO: মেকাও
MP: উত্তৰ মাৰিয়ানা দ্বীপ
MQ: মাৰ্টিনিক
MR: ম'ৰিটানিয়া
MS: মন্টছেৰাট
MT: মাল্টা
MU: মৰিছাছ
MV: মালডিভ্‌চ
MW: মালাৱী
MX: মেক্সিকো
MY: মালেছিয়া
MZ: মোজাম্বিক
NA: নামিবিয়া
NC: নিউ কেলেডনিয়া
NE: নাইজাৰ
NF: নৰফোল্ক দ্বীপ
NG: নাইজেৰিয়া
NI: নিকৰ্গুৱা
NL: নেডাৰলেণ্ড
'NO': নৰৱে
NP: নেপাল
NR: নাউৰু
NU: নিউ
NZ: নিউজিলেণ্ড
OM: ওমান
PA: পানামা
PE: পেৰু
PF: ফ্ৰেঞ্চ পলিনেছিয়া
PG: পাপুৱা নিউ গিনি
PH: ফিলিপাইনছ
PK: পাকিস্তান
PL: পলেণ্ড
PM: চেন্ট পিয়েৰ আৰু মিকেলন
PN: পিটকেইৰ্ণ
PR: পূৱেৰ্টো ৰিকো
PS: Palestine, State of
PT: পোর্টুগাল
PW: পালাউ
PY: পাৰাগুৱে
QA: কাটাৰ
RE: ৰিইউনিয়ান
RO: ৰোমানিয়া
RS: চাৰ্বিয়া
RU: ৰুচ যুক্তৰাষ্ট্ৰ
RW: ৰৱান্ডা
SA: ছৌডি আৰব
SB: ছলোমন দ্বীপ
SC: ছেয়চেলছ
SD: ছুদান
SE: ছুইডেন
SG: ছিংগাপুৰ
SH: ছেইন্ট হেলেনা, এচেঞ্চন আৰু ট্ৰিস্টান ডা কুন্হা
SI: স্লোভেনিয়া
SJ: চয়ালবাৰ্ড আৰু ইয়ানমায়েন
SK: স্লোভাকিয়া
SL: চিয়েৰা লিওন
SM: চান মাৰিনো
SN: ছেনেগাল
SO: ছোমালিয়া
SR: চুৰিনাম
SS: South Sudan
ST: চাও টোমে আৰু প্ৰিন্সিপে
SV: এল ছেলভেড'ৰ
SX: Sint Maarten (Dutch part)
SY: চিৰিয়ান আৰব প্ৰজাতন্ত্ৰ
SZ: Eswatini
TC: টুৰ্কছ আৰু কেইকোছ দ্বীপ
TD: চাড
TF: ফ্ৰেঞ্চ দক্ষিণ অঞ্চল
TG: টোগো
TH: থাইলেণ্ড
TJ: তাজিকিস্তান
TK: টকেলাউ
TL: টিমোৰ-লেস্তে
TM: তুৰ্কমেনিস্তান
TN: টিউনিছিয়া
TO: টোঙ্গা
TR: তুৰস্ক
TT: ট্ৰিনিডাড আৰু টোবাগো
TV: টুভালু
TW: তাইৱান
TZ: Tanzania
UA: ইউক্ৰেইন
UG: উগাণ্ডা
UM: মাৰ্কিন যুক্তৰাষ্ট্ৰ বহিস্থিত ক্ষুদ্ৰ দ্বীপপুঞ্জ
US: মাৰ্কিন যুক্তৰাষ্ট্ৰ
UY: উৰুগুৱে
UZ: উজ্বেকিস্তান
VA: হোলি ছি (ভেটিকান)
VC: চেন্ট ভিনচেন্ট আৰু গ্ৰেনাডিনচ
VE: ভেনেজুৱেলা
VG: ব্ৰিটিশ্ব ভাৰ্জিন দ্বীপ
VI: মাৰ্কিন যুক্তৰাষ্ট্ৰ ভাৰ্জিন দ্বীপ
VN: ভিয়েতনাম
VU: ভানুৱাটুুু
WF: ৱালিচ আৰু ফুটুনা
WS: ছামোৱা
YE: য়েমেন
YT: মেওতে
ZA: দক্ষিণ আফ্ৰিকা
ZM: জাম্বিয়া
ZW: জিম্বাবোৱে
