# Country name translations for locale ha
#
# alpha2: localized_name
#
---
AD: Andorra
AE: Taraiyar larabawa
AF: Afghanistan
AG: Antigua and Barbuda
AI: Anguilla
AL: Albaniya
AM: Armeniya
AO: Angola
AQ: Antarctica
AR: Argentina
AS: American Samoa
AT: Austriya
AU: Asturaliya
AW: Aruba
AX: Åland
AZ: Azerbaijan
BA: Herzegovina
BB: Barbados
BD: Bangladash
BE: Beljik
BF: Burkina faso
BG: Bulgairiya
BH: Baharain
BI: Burundi
BJ: Benin
BL: Saint Barthélemy
BM: Bermuda
BN: Brunei Darussalam
BO: Bolivia
BQ: Bonaire, Sint Eustatius and Saba
BR: Brazil
BS: Bahamas
BT: Bhutan
BV: Bouvet Island
BW: Botswana
BY: A' Bhealaruis
BZ: Belize
CA: Kanada
CC: Cocos (Keeling) Islands
CD: Congo, The Democratic Republic of the
CF: Central African Republic
CG: Congo
CH: Switzerland
CI: Côte d'Ivoire
CK: Cook Islands
CL: Chile
CM: Kameru
CN: China
CO: Colombia
CR: Costa Rica
CU: Cuba
CV: Cabo Verde
CW: Curaçao
CX: Christmas Island
CY: Cyprus
CZ: Czechia
DE: Jamus
DJ: Jibuti
DK: Denmark
DM: Dominica
DO: Dominican Republic
DZ: Aljeriya
EC: Ecuador
EE: Estonia
EG: Misra
EH: Western Sahara
ER: Eritrea
ES: An Spàinn
ET: Ethiopia
FI: Finland
FJ: Fiji
FK: Falkland Islands (Malvinas)
FM: Micronesia, Federated States of
FO: Faroe Islands
FR: Faransa
GA: Gabon
GB: Birtaniya
GD: Grenada
GE: Georgia
GF: French Guiana
GG: Guernsey
GH: Ghana
GI: Gibraltar
GL: Greenland
GM: Gambia
GN: Gine
GP: Guadeloupe
GQ: Equatorial Guinea
GR: Greek
GS: South Georgia and the South Sandwich Islands
GT: Guatemala
GU: Guam
GW: Guinea-Bissau
GY: Guyana
HK: Hong Kong
HM: Heard Island and McDonald Islands
HN: Honduras
HR: Kroatiya
HT: Haiti
HU: Hungariya
ID: Indonesiya
IE: Ireland
IL: Isra'ila
IM: Isle of Man
IN: Indiya
IO: British Indian Ocean Territory
IQ: Irak
IR: Iran, Islamic Republic of
IS: Iceland
IT: Italiya
JE: Jersey
JM: Jamaica
JO: Jordan
JP: Japan
KE: Kenya
KG: Kyrgystan
KH: Kambodiya
KI: Kiribati
KM: Komoros
KN: Saint Kitts and Nevis
KP: North Korea
KR: South Korea
KW: Kuwait
KY: Cayman Islands
KZ: Kazakystan
LA: Lao People's Democratic Republic
LB: Lebanon
LC: Saint Lucia
LI: Liechtenstein
LK: Sri Lanka
LR: Liberia
LS: Lesotho
LT: Lithuania
LU: Luksamburg
LV: Laitfiya
LY: Libya
MA: Morocco
MC: Monaco
MD: MOldufiniya
ME: Montenegro
MF: Saint Martin (French part)
MG: Madagascar
MH: Marshall Islands
MK: North Macedonia
ML: Mali
MM: Myanmar
MN: Mangolia
MO: Macao
MP: Northern Mariana Islands
MQ: Martinique
MR: Muritaniya
MS: Montserrat
MT: Malta
MU: Mauritius
MV: Maldives
MW: Malawi
MX: Mexico
MY: Maleziya
MZ: Mozambique
NA: Namibiya
NC: New Caledonia
NE: Nijar
NF: Norfolk Island
NG: Nijeriya
NI: Nicaragua
NL: Netherlands
'NO': Norway
NP: Nepal
NR: Nauru
NU: Niue
NZ: New Zealand
OM: Oman
PA: Panama
PE: Peru
PF: French Polynesia
PG: Papua New Guinea
PH: Filipin
PK: Pakistan
PL: Poland
PM: Saint Pierre and Miquelon
PN: Pitcairn
PR: Puerto Rico
PS: Palestine, State of
PT: Portugal
PW: Palau
PY: Paraguay
QA: Qatar
RE: Réunion
RO: Romainiya
RS: Serbiya
RU: Russian Federation
RW: Rwanda
SA: Saudiyya
SB: Solomon Islands
SC: Seychelles
SD: Sudan
SE: Sweden
SG: Singapore
SH: Saint Helena, Ascension and Tristan da Cunha
SI: Sloveniya
SJ: Svalbard and Jan Mayen
SK: Slofakiya
SL: Sierra Leone
SM: San Marino
SN: Senegal
SO: Somaliya
SR: Suriname
SS: South Sudan
ST: Sao Tome and Principe
SV: El Salvador
SX: Sint Maarten (Dutch part)
SY: Syrian Arab Republic
SZ: Eswatini
TC: Turks and Caicos Islands
TD: Cadi
TF: French Southern Territories
TG: Togo
TH: Thailand
TJ: Tajikistan
TK: Tokelau
TL: Timor-Leste
TM: Turkmenistan
TN: Tunisia
TO: Tonga
TR: Turkiyya
TT: Trinidad and Tobago
TV: Tuvalu
TW: Taiwan
TZ: Tanzania
UA: Ukraniya
UG: Uganda
UM: United States Minor Outlying Islands
US: United States
UY: Uruguay
UZ: Uzbekistan
VA: Holy See (Vatican City State)
VC: Saint Vincent and the Grenadines
VE: Venezuela
VG: Virgin Islands, British
VI: Virgin Islands, U.S.
VN: Vietnam
VU: Vanuatu
WF: Wallis and Futuna
WS: Samoa
YE: Yemen
YT: Mayotte
ZA: Afirka ta kudu
ZM: Zambia
ZW: Zimbabwe
