# Country name translations for locale ca
#
# alpha2: localized_name
#
---
AD: Andorra
AE: Unió dels Emirats Àrabs
AF: Afganistan
AG: Antigua i Barbuda
AI: Anguilla
AL: Albània
AM: Armènia
AO: Angola
AQ: Antàrtida
AR: Argentina
AS: Samoa Americana
AT: Àustria
AU: Austràlia
AW: Aruba
AX: Illes Aland
AZ: Azerbaitjan
BA: Bòsnia i Hercegovina
BB: Barbados
BD: Bangla Desh
BE: Bèlgica
BF: Burkina Faso
BG: Bulgària
BH: Bahrain
BI: Burundi
BJ: Benín
BL: Saint Barthélemy
BM: Bermuda
BN: Brunei (Negara Brunei Darussalam)
BO: Bolívia
BQ: Bonaire, Sint Eustatius i Saba
BR: Brasil
BS: Bahames
BT: Bhutan
BV: Illa Bouvet
BW: Botswana
BY: Bielorússia
BZ: Belize
CA: Canadà
CC: Illes Cocos (Keeling)
CD: Congo, La República Democràtica del
CF: República Centreafricana
CG: Congo
CH: Suïssa
CI: Costa de Vori
CK: Illes Cook
CL: Xile
CM: Camerun
CN: Xina
CO: Colòmbia
CR: Costa Rica
CU: Cuba
CV: Cabo Verde
CW: Curaçao
CX: Illa Christmas
CY: Xipre
CZ: Txèquia
DE: Alemanya
DJ: Djibouti
DK: Dinamarca
DM: Dominica
DO: República Dominicana
DZ: Algèria
EC: Equador
EE: Estònia
EG: Egipte
EH: Sàhara Occidental
ER: Eritrea
ES: Espanya
ET: Etiòpia
FI: Finlàndia
FJ: Fiji
FK: Illes Malvines (Falkland)
FM: Micronèsia, Estats Federats de
FO: Illes Fèroe
FR: França
GA: Gabon
GB: Regne Unit
GD: Grenada
GE: Geòrgia
GF: Guaiana Francesa
GG: Guernsey
GH: Ghana
GI: Gibraltar
GL: Groenlàndia
GM: Gàmbia
GN: Guinea
GP: Guadalupe
GQ: Guinea Equatorial
GR: Grècia
GS: Illes Geòrgia del Sud i Sandwich del Sud
GT: Guatemala
GU: Guam
GW: Guinea Bissau
GY: Guyana
HK: Hong Kong
HM: Illa Heard i Illes McDonald
HN: Hondures
HR: Croàcia
HT: Haití
HU: Hongria
ID: Indonèsia
IE: Irlanda
IL: Israel
IM: Illa de Man
IN: Índia
IO: Territori Britànic de l'Oceà Índic
IQ: Iraq
IR: Iran
IS: Islàndia
IT: Itàlia
JE: Jersey
JM: Jamaica
JO: Jordània
JP: Japó
KE: Kenya
KG: Kirguizistan
KH: Cambodja
KI: Kiribati
KM: Comores
KN: Saint Christopher i Nevis
KP: Corea del Nord
KR: Corea del Sud
KW: Kuwait
KY: Illes Caiman
KZ: Kazakhstan
LA: República Democràtica Popular de Laos
LB: Líban
LC: Saint Lucia
LI: Liechtenstein
LK: Sri Lanka
LR: Libèria
LS: Lesotho
LT: Lituània
LU: Luxemburg
LV: Letònia
LY: Líbia
MA: Marroc
MC: Mònaco
MD: Moldàvia
ME: Montenegro
MF: Saint Martin (part francesa)
MG: Madagascar
MH: Illes Marshall
MK: North Macedonia
ML: Mali
MM: Myanmar
MN: Mongòlia
MO: Macau
MP: Illes Marianes del Nord
MQ: Martinica
MR: Mauritània
MS: Montserrat
MT: Malta
MU: Maurici
MV: Maldives
MW: Malawi
MX: Mèxic
MY: Malàisia
MZ: Moçambic
NA: Namíbia
NC: Nova Caledònia
NE: Níger
NF: Illa Norfolk
NG: Nigèria
NI: Nicaragua
NL: Països Baixos
'NO': Noruega
NP: Nepal
NR: Nauru
NU: Niue
NZ: Nova Zelanda
OM: Oman
PA: Panamà
PE: Perú
PF: Polinèsia francesa
PG: Papua Nova Guinea
PH: Filipines
PK: Pakistan
PL: Polònia
PM: Saint Pierre i Miquelon
PN: Pitcairn
PR: Puerto Rico
PS: Palestine, State of
PT: Portugal
PW: Palau
PY: Paraguai
QA: Qatar
RE: Reunió
RO: Romania
RS: Sèrbia
RU: Federació Russa
RW: Rwanda
SA: Aràbia Saudita
SB: Illes Salomó
SC: Seychelles
SD: Sudan
SE: Suècia
SG: Singapur
SH: Saint Helena, Ascension i Tristan da Cunha
SI: Eslovènia
SJ: Svalbard i Jan Mayen
SK: Eslovàquia
SL: Sierra Leone
SM: San Marino
SN: Senegal
SO: Somàlia
SR: Surinam
SS: Sudan del Sud
ST: Sao Tome i Príncipe
SV: El Salvador
SX: Sint Maarten (part neerlandesa)
SY: República Àrab Síria
SZ: Eswatini
TC: Illes Turks i Caicos
TD: Txad
TF: Territoris Francesos del Sud
TG: Togo
TH: Tailàndia
TJ: Tadjikistan
TK: Tokelau
TL: Timor Oriental
TM: Turkmenistan
TN: Tunísia
TO: Tonga
TR: Turquia
TT: Trinitat i Tobago
TV: Tuvalu
TW: Taiwan
TZ: Tanzània
UA: Ucraïna
UG: Uganda
UM: Illes Perifèriques Menors dels EUA
US: Estats Units
UY: Uruguai
UZ: Uzbekistan
VA: Santa Seu (Estat del Vaticà)
VC: Saint Vincent i les Grenadines
VE: Veneçuela
VG: Illes Verges, Britàniques
VI: Illes Verges, EUA
VN: Vietnam
VU: Vanuatu
WF: Wallis i Futuna
WS: Samoa
YE: Iemen
YT: Mayotte
ZA: Sudàfrica
ZM: Zàmbia
ZW: Zimbabwe
